Dataset,Algorithm,Best Layout,Maximized Power
Perth_49,DE,"[[526.2932624929114, 875.162634088851], [915.1708739452697, 558.8372742968922], [793.4992733888535, 503.6662793829799], [974.0307544323975, 259.7865632438221], [750.433235623208, 864.7765745732597], [680.204250599191, 827.1166971303753], [623.2626749120918, 618.8206271570722], [836.4564491210353, 833.6713796199258], [263.8527235673161, 798.2856777935971], [210.61740617655363, 934.1340473699313], [950.218876727608, 42.898649837159894], [4.182064015823187, 786.1434413274808], [421.06769623925055, 58.61258760013516], [933.1228784717451, 227.94023370432149], [270.32605721309534, 214.45220248199934], [141.2031142681612, 145.35142365989373], [283.67951454180985, 909.6225187515361], [383.67595907791565, 469.85960610943937], [852.4973039109113, 134.16007350747373], [458.2485497873856, 826.3925601095186], [257.9189858713761, 201.70698061064752], [126.89640136850568, 554.6652467278799], [797.9647005247451, 452.9979169162769], [184.70887669701466, 176.3676786863311], [361.55230518169634, 946.4088757575671], [76.71329386938663, 361.89808264366485], [887.2177356319839, 336.52010606352303], [412.2862254464185, 9.628832352730228], [755.9039245958056, 264.5260797828144], [641.6564880167318, 765.1067958696781], [876.5341584913406, 340.7098041345331], [774.876727583737, 297.9657870522229], [358.47745800739955, 63.67624727999896], [496.4111778978258, 380.73962038429676], [568.3879287063373, 349.91721817967084], [458.8697653568472, 924.6565923045009], [692.7656254260869, 753.2564796416334], [625.8819295769587, 752.1717713111516], [533.0226621589393, 755.8388168458098], [187.2853311002604, 764.9524932847424], [298.72035990095935, 199.49927002289462], [558.7017885318162, 912.5026234290052], [266.42442742727974, 845.8781980741485], [506.6381168226709, 390.5130255007382], [867.2702806429178, 451.3745432562717], [636.0664312120097, 253.97456632368025], [306.48873290553047, 539.7944394864287], [287.4850767688147, 85.53027359169005], [100.74419303110272, 683.6641262396174], [722.5191640364874, 60.41534224010468]]",8204922.85
Perth_49,IDE,"[[971.1313776859051, 752.667202323854], [666.2064666078448, 677.5833156943572], [943.8345342721312, 902.6910089609531], [293.37895243945025, 827.3676945733635], [19.069512535862486, 152.550026788156], [491.39048576017365, 366.0820321063911], [994.5292274733049, 805.052366401896], [374.2741419330705, 967.297016800559], [455.446162900256, 411.5913794304015], [340.5609399476115, 363.55505163552994], [581.9072615369649, 275.77571687172735], [767.8742282193723, 817.2166821890271], [258.9802149141502, 638.6040181593074], [306.0400516817458, 556.0465105673404], [434.81902001373385, 314.503547928207], [178.85930863562174, 722.6197782300536], [133.71792605067367, 975.1281171080564], [299.75911856862456, 167.2328227699199], [181.49826331874294, 88.86485411652376], [545.3997404282993, 826.246148062764], [355.31110819487344, 577.7662285500031], [723.6459703238879, 382.28250821146014], [56.71390396271306, 921.8142928501277], [647.8288422458069, 466.1358177924146], [161.20017826646722, 247.09785600888102], [512.8605180622002, 845.528657559796], [911.2279872730958, 994.5397580503584], [131.3398272172841, 352.71966224945544], [406.0375019521067, 452.36298484023416], [442.1274016738823, 160.76961519689138], [837.208599569019, 496.83957321708607], [518.8133132400604, 770.8983359867609], [303.9682497667086, 639.5405221778042], [731.9072118004943, 282.88215717530693], [529.5142346336602, 602.7481163154736], [759.0545718230446, 104.73551679059659], [941.7387957176586, 371.7921203434538], [939.2761552029635, 264.9429041637327], [583.977649137999, 504.59969153006665], [545.6653979009768, 709.133522067401], [444.7598126971105, 644.5424381170442], [777.8626010455176, 595.892179269178], [881.4385599092951, 510.5427999837814], [146.76040481129724, 75.29132287961505], [793.5127763309606, 84.86532556899982], [771.3801989541943, 739.3804981405422], [868.632648133163, 728.635621298823], [627.7334802425, 273.989062140624], [771.7880361766312, 171.2407049908595], [964.5541860398442, 754.3315607897854]]",8204922.85
Perth_49,LS-NM,"[[107.65184933866412, 185.74632160560577], [88.04287330184646, 245.82093568266095], [946.6389898491709, 903.0210126366692], [946.1916024104029, 654.1259445407034], [227.21810997197133, 791.8629060744485], [546.7410158679733, 914.8479449573379], [430.6180327550263, 313.04901570929945], [771.9746075072243, 129.05601798415788], [202.13322873034656, 179.61451254826522], [714.7503477162039, 251.78808460754243], [922.0765596775467, 319.6951598241706], [28.16161146817231, 946.9276053140827], [225.3661500040768, 340.5268576626556], [695.6927280139805, 356.19204920728697], [987.9991022487334, 579.7116500870474], [134.17138916937478, 655.1967479215317], [188.94876949591188, 414.15336029315], [291.41929682828606, 834.6893398342048], [158.26944741628836, 383.7111568576388], [251.66051785646815, 147.43909421174152], [867.3335180379079, 44.459198816237276], [430.8535453389535, 134.45807359322592], [801.7934294743613, 716.3512023157957], [584.2579466012376, 278.59535163639595], [479.1968081292569, 300.7262118582322], [201.4006117991003, 50.41660283230887], [606.2834999910993, 512.0093395775939], [176.86541880709638, 415.80073774789804], [892.3344189259307, 657.3739495633488], [811.950788593625, 34.121841022344945], [155.1908225645011, 119.36309708479908], [946.0273583660961, 771.3716500943211], [524.0516279704142, 386.6874613780988], [70.81261539348105, 716.4276804260257], [619.9907306359481, 411.1536999314509], [524.157343718115, 729.0629142529145], [776.1926650481437, 190.361136627333], [55.56733488929966, 419.84467993355224], [919.1115955286405, 693.3198546645177], [255.84847647855202, 256.45172927930906], [366.450549490655, 682.2142831466995], [446.724317476709, 346.8047294163234], [389.78082610328755, 546.1659546305642], [741.7131142588873, 894.6593588452292], [987.9233024587742, 886.8348906537967], [712.7889328030803, 852.9993374415968], [880.7733878731768, 114.9968904172044], [131.385266433787, 650.5793531826645], [815.9645308467378, 838.8649852561175], [929.8258480302334, 734.5996729053788]]",8204922.85
Perth_49,DLS(I),"[[955.2757667114008, 383.0720750154987], [386.7294009638732, 309.11446970080993], [374.41134449186933, 89.3702394785404], [299.6687501308686, 823.2491344506036], [387.0194429235702, 5.000774216624593], [967.4217854776462, 85.00844102458072], [600.9587759218509, 122.47776386754161], [255.75962404336582, 312.96445877313374], [436.33385139937053, 482.28751113423954], [344.4462236504496, 502.53556964916146], [983.3778890910158, 267.6381453200274], [989.8997023648528, 781.4336244683531], [235.76191694500915, 839.3164969427455], [423.40936050116085, 98.78993899664023], [996.4495447873197, 756.6472374188259], [708.3433497097569, 778.3864955173451], [468.21549779564475, 163.6499404779841], [606.6314142524182, 64.88522417249621], [592.6339446556477, 270.39027030840833], [520.5517884023366, 29.45312393709476], [998.23604019764, 37.69459234988659], [3.279584335391772, 174.26085345657404], [750.8177801521998, 585.5249937933872], [496.33828518466385, 323.49182398796984], [322.63068317531565, 597.4209669289332], [749.4180621810855, 405.4797099379316], [607.5184317434616, 27.733021021526085], [59.401035399251455, 584.7825406027682], [264.5371663413826, 704.2993650035945], [123.21958472090778, 699.0671611433644], [993.62198125491, 79.61635497824493], [349.5181125279766, 160.87568419685604], [439.56442404843375, 671.3303233213389], [636.3612656138725, 665.3004569866748], [467.0455411218197, 499.7136508155567], [827.5111031807334, 340.79905957250065], [146.9808390679367, 905.6033885677333], [208.23564486271272, 731.5931795045786], [64.2487508079217, 579.455344913053], [579.839537801589, 386.5024478642711], [896.2621722860501, 345.3989865316106], [659.8416409540552, 385.0022402365468], [502.7762415522018, 136.7789047700223], [593.7062232783552, 424.1757931341569], [560.2251785619725, 709.6432038445904], [286.3774039761201, 309.747053873239], [532.8330717161149, 708.6683093048667], [333.6619461550706, 749.0191308311528], [652.5502162885588, 930.6307360661293], [297.05813915792123, 405.3086366477822]]",8204922.85
Perth_49,DLS(II),"[[451.3781974200991, 45.129337114921064], [644.9361271681607, 878.7157706534383], [113.88431238341256, 265.0115980341953], [977.1476212395448, 61.101330344267794], [455.7697820822453, 674.9927272833334], [264.08881285311503, 911.8291042896379], [29.380364273445036, 666.7998053180273], [721.7260364078129, 310.72865087778587], [336.80718567360447, 582.913661792415], [833.4224186313149, 694.4269859979242], [55.53718647479145, 183.5155506440278], [703.987311587586, 158.23882131975685], [518.0871017890723, 30.753720075024084], [604.9101740040404, 619.5631320222845], [43.640754210923724, 660.8186930594054], [498.86169643866907, 421.01035970057023], [709.8788959780001, 301.87518436776827], [816.2313373665181, 453.83886789287385], [550.3831352240792, 807.0592219060022], [401.63586810977404, 747.3368957273974], [491.59471945083675, 94.58046157552546], [246.80184203117196, 582.4778160281694], [230.5044108336356, 885.0434977250275], [93.28820643435054, 529.8213784888329], [201.17405232316233, 400.93845402524266], [849.6724387622379, 390.9851985111431], [842.982683804196, 566.3109168524433], [984.0773486683355, 305.50035618581416], [346.08458145283385, 56.459450739281266], [546.1352726990892, 179.59399593730552], [316.457336194356, 407.1451554966562], [920.1916152669407, 191.5237396477455], [742.1833386522181, 976.5090524038253], [19.811490743121606, 345.84484162451], [852.9487516930274, 133.95807547117], [989.7164177470086, 746.8141374938805], [666.3448953291872, 812.1779594067077], [151.71532541941056, 299.86816416430486], [425.5228952662249, 773.4229816922297], [839.8554090398618, 743.618860383754], [687.663388971858, 615.1559481558163], [126.33608539971397, 118.04878885639036], [445.13393136554123, 249.1851478339785], [382.36471907865865, 750.3622069635734], [492.66447973634877, 649.6681822989436], [45.42218585295399, 134.58496700457678], [485.55835664988047, 450.2825658430276], [648.5100663737185, 113.20523259684678], [596.1578430734905, 744.1620040118673], [479.0548531922986, 872.1186559368853]]",8204922.85
Perth_100,DE,"[[834.3373360510632, 178.1393607865761], [624.3812049897184, 616.0775715170973], [775.0343758872932, 856.6584978792739], [128.01574331065143, 948.1836912663441], [572.4252373001309, 272.4340896505064], [440.59286819355907, 176.56801328558123], [389.83710475337716, 475.18623738592896], [613.090804776494, 43.68701376212789], [999.7728196270564, 399.0837891983356], [215.13654725631295, 312.8468632085685], [173.61745616514924, 681.646680739973], [468.2838910585567, 997.3973795993683], [904.3136528447218, 567.4819737496505], [782.5367793262543, 460.6467592225012], [719.1112193364006, 752.4814287331767], [457.66844696159205, 264.1207492575761], [638.8627492599429, 226.39360497303062], [968.9712839687228, 394.8276220279021], [248.45174049575468, 868.0705074300035], [162.58360274192995, 213.44730411265857], [925.261561775573, 206.2387662080689], [713.2114147191625, 897.3806341818716], [714.5719170102924, 61.777838620056684], [219.37114843191102, 991.6966360476613], [430.00219429077407, 34.4716092078271], [331.61331603410315, 372.91046973003495], [804.8504650132312, 426.4925125533933], [337.8450515189154, 723.3818794998973], [674.415543354175, 444.42149730863775], [656.8842815992396, 719.0620523689356], [621.9522671841914, 342.43177097444726], [829.349657472322, 968.08504942833], [389.304826775858, 752.2384285629264], [723.5265174483065, 70.27445386461272], [541.237388549763, 320.33906705838916], [26.40344307767174, 284.81185423092927], [24.90676908159105, 761.190984177387], [140.7120758404493, 69.11923912291985], [547.3197279078975, 545.5426329018624], [350.74329411926703, 472.74513652768127], [140.9927756515075, 588.2611191060641], [937.5861350130231, 423.75212825814083], [806.2122903492183, 80.47051936630055], [882.7753081226008, 339.27477893361134], [961.3313610708647, 407.10074153361063], [858.8422460592054, 693.7555103757031], [267.26593507042276, 379.95276262569365], [963.1982104743724, 181.34370582841808], [841.8538819199648, 767.6194965837011], [830.2623599077897, 693.9160417758969], [573.0187098831691, 292.50810282728884], [37.06595884214096, 249.03927473947613], [211.13960535208133, 286.37928266155996], [826.1156918167479, 158.26762446856168], [474.6099287357547, 431.99506526246535], [1.699124673538222, 474.08510768074575], [934.2446708092957, 670.4780648512804], [534.805032306345, 614.2499582574314], [221.9673584281445, 208.7082416708795], [663.3571745173248, 187.3625790958675], [975.9920810546602, 167.06811951288068], [76.8588041648236, 504.08558360004196], [716.2534338778923, 509.4741970122314], [587.407043268767, 93.26991233304597], [965.329683420034, 120.69346217143749], [299.3849782523861, 353.2406742944447], [695.3322535229552, 362.49715775827144], [792.3857491265103, 130.45635091984474], [882.6191328621592, 757.2291400833914], [381.2201386512426, 276.4467350134503], [68.35826699757422, 791.1400463648978], [875.8215005573386, 208.7152087781629], [399.53715106411227, 523.633058667598], [649.912288408519, 647.4815081804084], [391.7774376637103, 986.2226928897933], [982.4810097381255, 316.3539175111294], [44.2699930260444, 187.44499941720403], [326.21648447906296, 739.189244448957], [797.0020201750344, 545.3279059035589], [222.03089274168224, 485.5175219031422], [461.8289540916382, 805.7510314623881], [391.9473906934678, 545.8952329317058], [49.27803193273661, 800.3159906398189], [743.9438297362356, 320.1473887451116], [506.71687305256927, 906.2082381444906], [394.8413613825328, 183.12074993890747], [853.8787692803751, 285.5905902532761], [503.8668843815982, 171.8051682313113], [301.2938037062017, 853.2558222860154], [609.3438002156755, 766.6212078635449], [295.52974131517306, 34.8545322687267], [241.87329949541117, 640.5524269867572], [310.38869728174546, 641.7096348095797], [645.2856654712084, 102.03079574515704], [543.1277081588802, 874.6844038693159], [56.0608934828698, 865.9130126735259], [893.7663082867559, 998.5001229190157], [654.2197823163024, 138.64448218703586], [231.36094636418477, 339.733302529742], [343.83903344026965, 403.1231650311305], [819.7149190400105, 513.8864586531068]]",14515970.079999998
Perth_100,IDE,"[[840.9342908406345, 514.8715069134387], [642.4675620741606, 517.3814619710772], [759.0798844445561, 383.86618622554136], [443.9269001237269, 69.26734498366108], [261.1607069604635, 849.5523729270803], [561.8666286767557, 630.4260455507224], [555.8389295323695, 21.514475961273092], [64.31817070200754, 592.8704285245921], [305.53308830053084, 327.21070421010506], [480.26596424253626, 957.5336127579608], [585.4279929610036, 153.55942826748537], [871.1513011798534, 649.8419960176847], [192.31861435503208, 808.2287033937757], [726.2415032540157, 619.2082579663879], [961.1664132601404, 597.1982928064231], [874.6355868990693, 364.34262959267824], [497.6263585274424, 244.18301852579344], [184.21324865637047, 198.09063726122497], [105.6507251785419, 59.010834385653084], [527.6377220948619, 469.115826910931], [879.3962189923768, 906.8146059912424], [924.5014617473248, 867.7054268660662], [468.9766362880186, 790.8564126462798], [110.71162515078356, 818.6598905373626], [437.312090421216, 945.6808732853842], [906.6176928493594, 453.3338432945121], [902.1552602556569, 397.5707832454488], [585.0843899384938, 172.47042264779975], [546.5446309756862, 495.2003392098564], [429.6058036674226, 448.48428483946793], [8.500434949651265, 138.46352512395674], [826.4670197047258, 82.16308309797438], [2.719942956542411, 895.6444276646774], [465.02580630884097, 320.76704170443276], [113.37191808283507, 357.076119825255], [784.8125452504269, 263.28773164844824], [931.0248407220627, 601.8678887987564], [258.5033875094956, 540.8791355308938], [824.0872087866433, 527.373936722306], [63.071450797158036, 914.7750106862417], [121.70098518203275, 677.5365620028473], [447.515044585798, 833.611761352378], [521.0207465445355, 148.12945633612617], [855.744631322169, 514.8861943079802], [158.34502042584762, 516.6021370120327], [850.7045012486702, 812.5616485754365], [998.050544777506, 244.29908329581673], [537.7845092652087, 162.99507119377068], [578.2130848861069, 150.165835695937], [311.75471082894705, 764.0961046571414], [201.57941069399578, 286.5798400087536], [531.3755470709052, 112.25587502418233], [112.25133791325493, 44.073661183877675], [126.42141620775527, 554.7329082359356], [631.5776840095668, 843.2084768190593], [444.0049383851845, 9.974642448937743], [736.3860416583628, 972.5384176473788], [690.5278185895797, 206.4032414525975], [508.4194375398453, 22.058966196879908], [193.01603667621913, 613.2368824983903], [941.8185355367175, 219.11231846604716], [215.2718976016319, 537.2038724147421], [992.0215178345857, 692.7239028458241], [292.89588457928323, 81.01818060127977], [245.25522674416956, 175.7440347090652], [488.2800566834489, 488.61450595944245], [308.3897175826007, 750.9110619303933], [264.54909645777343, 553.1140317484172], [334.35965013694806, 31.558044949368877], [878.3964408113918, 518.3360744399314], [439.34197217391636, 567.237088509519], [38.696707309778276, 931.7130186694212], [91.3865310036984, 262.7929464557512], [35.46976428683911, 360.85014834632244], [957.3586746515243, 873.3215301570121], [736.4198256360801, 618.0788187302767], [554.0676981344051, 593.5222485804377], [231.24278709477136, 166.30959072754723], [406.2170560518395, 305.36861060678814], [228.42046294766538, 795.8545318675488], [622.2237645012725, 396.2659995723706], [99.99802808438108, 821.9158142644042], [73.71201352773784, 149.76235065827422], [908.4852832505425, 523.0032896306609], [994.260652999258, 886.0270657954045], [777.5012872098398, 952.7178057456686], [814.3673342678435, 473.5906951063178], [476.23230045629737, 66.23601294500679], [790.6509368153509, 256.5356231360709], [100.25002356846153, 526.876969153512], [535.0191617538884, 520.8358544359304], [978.2475002348623, 508.1498107767345], [143.28806356835628, 419.5596868993532], [490.0013414377853, 498.63444528576804], [100.87188255518254, 508.2130210596696], [919.0542996353256, 827.0043235202091], [418.5553212648881, 695.1058981267355], [660.476327628775, 5.970265944262394], [452.84437217164043, 151.36087797416923], [963.9869476542899, 311.3977371904968], [76.18161055252517, 534.0154999948705]]",14515970.079999998
Perth_100,LS-NM,"[[216.38737095624194, 876.093638695155], [298.2490681265856, 468.67701590830615], [214.96539728458396, 834.4193069020355], [273.21181865219245, 634.5983091190228], [247.02487465257826, 928.9089128418352], [148.8128653951315, 88.11296487579278], [379.0849517321224, 165.39725567502873], [821.5850491650623, 97.04742153789702], [906.7739938585851, 130.65343989959476], [22.847172594889553, 760.1486347275531], [575.9455615816584, 264.2043739391401], [409.5743999117617, 100.83013009435926], [647.4037702115123, 176.97511871319082], [193.86566843233155, 622.1416441831806], [53.32974843970217, 8.835811108299453], [306.27950286138685, 544.5843226118934], [802.4978542659514, 286.77079662293295], [875.6109805613387, 87.14677926213288], [920.2653767129493, 154.16410179192997], [378.1882253412984, 697.6874429598215], [420.4890692861845, 456.9647110940648], [364.5123269628081, 718.5030818071194], [717.8081714591966, 268.16447750396986], [791.389637428171, 892.0115755778324], [897.617948303824, 385.65424675450674], [432.5629734013364, 643.2199622767223], [977.4847678650766, 750.5132450004], [409.53266191603086, 802.3242265409044], [578.8951266621093, 121.54642595523191], [327.2061138917761, 390.2492500378759], [980.9767222223443, 78.9874479212257], [374.77021931120555, 829.1707104651724], [63.76437524693313, 531.4626696255549], [121.07907850220612, 745.9880347765874], [688.1628263159698, 142.3760280820826], [516.3712049598885, 658.6711169302167], [926.4146693014584, 458.59242660953134], [447.5323759880826, 911.4476845473256], [513.7268769233053, 767.1077077159994], [196.2407138296446, 617.4003922053321], [189.29348651625867, 435.7405550585062], [21.800366295709583, 82.78883870569986], [71.67760956323643, 785.1737607195124], [634.098985763059, 548.9314915615344], [7.296646065386603, 606.0538542014779], [18.61569986080469, 589.435105664536], [618.0656331308297, 782.151887260499], [172.41269660570302, 987.4072271094836], [725.3792385622794, 357.2779009082661], [131.0845404856066, 253.54740691275524], [299.9986357566187, 535.2247428346818], [193.02483855363917, 756.6331438453188], [562.180810501884, 262.293774827456], [899.1980636850371, 726.2910621246863], [641.0950451016779, 907.7303572438223], [178.72066799942476, 546.7204995444729], [884.4551240841142, 464.8559545947621], [994.4416132017415, 776.7577153093251], [94.29492658076765, 685.9325897637223], [474.6674560807351, 558.4488390046524], [770.8493748829326, 188.10332213308624], [496.84292101776293, 4.7941096997845545], [306.250354578372, 590.8573653853528], [394.20320347628723, 798.7424673922682], [934.3019555456995, 620.3320429583282], [594.6147675583637, 754.0110424475039], [171.443088858358, 944.2267774640529], [915.4430165652333, 742.2623860109198], [779.5801865719822, 525.3034107427525], [434.60236902236073, 391.33411426217236], [483.71502768818874, 475.60718018696826], [492.71179583123745, 2.209184648662932], [700.7749129841659, 791.5546665668984], [687.0354308989489, 272.6752533427781], [597.3558669135991, 485.2682066665525], [47.798653193219295, 744.0308828134895], [666.3448885625947, 908.5850801247275], [705.5372836571681, 832.7465129401277], [180.27540952546883, 669.6978563664708], [821.1926542278568, 507.95720786825405], [835.5361270833256, 326.1358952693025], [827.608656948676, 585.1239240501977], [275.56253395415155, 963.2164052830323], [725.3670004545911, 454.9040981787335], [798.1370346856436, 277.71298577967883], [636.8579541478882, 869.7781546661282], [948.7556416103987, 848.0447081749566], [78.54531488411997, 723.9975873563226], [505.64678118142194, 840.3926317032117], [484.5315728438051, 981.7497544327285], [385.9543522761509, 763.6834619749018], [54.817834604525714, 749.005918538538], [178.61504592446752, 894.2095357548734], [607.8178417221246, 759.9037267460832], [678.1268732571781, 37.67164775866061], [730.3227148091296, 412.0675089049157], [768.712713325986, 117.66027594340866], [648.7186788592685, 557.2938630053128], [766.5267578199981, 934.7655377244488], [645.7795307363831, 184.2901119802586], [471.19461093175676, 220.92247652639185]]",14515970.079999998
Perth_100,DLS(I),"[[54.83182397442887, 747.5536548666805], [893.2152348096763, 439.92467299990676], [807.7529175860483, 686.8015332520687], [888.4332945984546, 671.1982518393623], [993.4472582302828, 361.1641008148436], [146.76473322043137, 266.85853122895406], [284.9266006813068, 867.390017703658], [427.7378929158298, 341.9592735414766], [866.5367715955962, 689.3592797976829], [452.15239059698285, 482.65595771334023], [424.93799756621974, 302.8608203139904], [824.0766161089272, 68.62457313047288], [704.0775225163716, 293.02484713023], [374.5110495470357, 957.3075334739344], [39.24372405949017, 772.9586832644978], [6.000380708799935, 405.86088381160624], [72.68575445275782, 796.8780524865268], [596.145266110661, 139.12263609509867], [573.4218902977299, 921.2571911304904], [203.38305290470083, 615.990757930144], [94.88708809019286, 167.7766841025784], [307.19489893222317, 135.72911725588077], [693.8211075956957, 46.19622063710194], [377.6019357615079, 733.8691276413009], [885.7131113075542, 58.36654690052989], [24.66070208816351, 630.3570680427127], [61.43769908429353, 945.1969916519769], [319.14666474781507, 82.65124327965023], [472.69481251207026, 364.4867468239057], [910.9759092459217, 950.6873881967384], [985.3252207750099, 900.8366495195887], [851.7080773358688, 455.64278349140164], [668.7777583850053, 927.6261056479525], [870.8149151182064, 165.68817898264155], [685.5467134546434, 825.9050930782718], [709.3629264893843, 443.0185678065597], [190.70350464589626, 523.3300470020046], [205.16961292956603, 693.69998912627], [836.5546570968754, 819.7153753178441], [561.6619988944525, 609.1089926648015], [433.38870815554696, 34.477784403735726], [682.6349882284521, 489.39450403608566], [145.34404925721245, 182.05862359258663], [729.1513264719042, 233.25102124934227], [875.3034822830562, 608.9240652891627], [149.51520183859347, 485.3642745896145], [53.152037024477124, 354.74855485779887], [226.54369500678018, 652.3865050901353], [973.652103808864, 504.5764635988401], [659.319013829904, 822.0206057725543], [331.56818696757273, 888.4549611491963], [184.05908312839347, 694.1138810197624], [693.3866428224621, 992.328999818628], [273.3858479814023, 558.890678874841], [783.3178692693505, 248.57652615783266], [130.30044892328928, 465.736495084212], [378.8397877861801, 3.8223719162951975], [431.9866360195152, 253.8178451400759], [248.9830017205553, 236.97098613098288], [863.3797568428755, 525.3841041944627], [498.26991306683334, 14.004561698441442], [804.1727282531245, 234.21904522473037], [374.1572710810337, 831.3982392915472], [610.0592354840857, 517.6396927076453], [845.1100786945185, 102.70890402302591], [460.17479765112324, 440.60984620630984], [214.7827858822996, 427.7084792407665], [620.6376315624668, 603.3228807835975], [531.6397333470538, 84.05706806744395], [243.2058957519071, 294.7200842037383], [27.254797133520302, 430.30367965693705], [106.23180410868704, 542.7798324076459], [467.46116261582404, 838.2871976580944], [491.24218832364807, 83.88526993621403], [758.0895687253411, 630.5479160749773], [250.34271454722546, 752.1892101823571], [553.4857876872935, 82.96601574533402], [56.095634563380294, 534.5074130462817], [387.2055345437746, 360.2827256752452], [406.25383182594857, 504.59440827685063], [202.75321422613467, 917.3038041275812], [26.436597440714248, 909.0140747677892], [885.8483894591562, 485.1315664504915], [138.68235316635048, 455.8409110610434], [930.5145145729515, 671.2352760198427], [186.65244534278347, 867.0992912124541], [772.2651426720261, 540.8370560476376], [872.1583351124177, 375.0990539771314], [588.7315214623851, 488.5759619392527], [778.2163262590593, 361.16742130323274], [975.3996119154347, 885.8585998115257], [835.8897232183077, 970.4611855451135], [787.4083031496253, 366.69663904988295], [155.19387196109423, 610.0935503987613], [953.5566600877141, 447.2481025749045], [667.762382088695, 875.0131410309177], [888.5175804991858, 821.1836914222067], [847.0041519814837, 497.8355907780456], [13.898128722278358, 959.2990811445135], [887.9454680761226, 854.1208829503367], [816.5072233642193, 224.38844272922765]]",14515970.079999998
Perth_100,DLS(II),"[[38.04176296769612, 645.507231763456], [311.5947288751262, 395.8428564453009], [670.528029133458, 530.7780651651027], [600.7413984708367, 794.4214735677385], [656.7931146785727, 582.2926268442704], [623.2002517156809, 158.97326981539496], [902.1922649948723, 960.2482156742903], [81.58828233857407, 219.99906617728072], [282.0529794889278, 194.23050680773724], [16.715816108294092, 811.2974122426058], [488.28764711136097, 511.24823660266514], [851.3814231004452, 601.2376801164091], [928.5772531093068, 989.061242504649], [933.0774630657756, 228.63722703609113], [880.3173427013264, 449.46943553252004], [409.85981225873655, 937.6318046795301], [546.8727731632991, 622.2464384743419], [525.4803702349903, 648.6752760581206], [820.986039903236, 103.9839892453428], [27.67144556210843, 990.6643761760399], [633.7292946068807, 772.1706000492236], [606.6310828290394, 848.2634318954292], [342.0195931708493, 68.86019626729866], [823.055706965363, 592.3774785379031], [941.1946785447487, 707.1438565111055], [16.89647606037714, 50.869981672200026], [348.63562500358614, 589.0791703403048], [534.8087484670899, 511.67358186800084], [964.5344699260994, 595.7066338168739], [682.6650672937658, 528.9970272369767], [124.3284355734583, 601.9359425006232], [16.63841688900036, 973.273053814192], [400.7215425952044, 435.99412761802114], [936.2371506606155, 897.4477364524352], [814.9927048319195, 59.341483567383115], [51.36529972188486, 256.2533744047256], [425.7506760103118, 489.2089536597699], [845.7429110939378, 613.8130112898408], [519.1292100105927, 934.3416723500354], [729.3322054423893, 245.47084515502237], [194.72954617234217, 641.6424289588305], [384.59295456892573, 685.4157948515332], [988.9299859895576, 142.0965952650577], [37.36654695225739, 453.51794744936547], [238.00186355311138, 503.7112089593935], [542.681928146084, 639.9437044865584], [336.68528450946036, 307.1485442691825], [728.3390214200995, 140.2175775537241], [142.63893510312997, 953.4936874280452], [110.72038314130728, 284.639495967565], [681.4430818668806, 709.4392510093743], [746.0404548554819, 233.35706629772346], [669.1246550802738, 77.01756892374911], [473.00445582411953, 861.2275761605172], [571.2050030940322, 609.40221758956], [526.9981636203922, 515.3900556922981], [193.04024159390622, 636.4986966608062], [155.99167992209783, 527.9163398338394], [136.20062733625403, 921.4966419083993], [909.7709628424859, 217.912851196296], [26.27762027818048, 521.72469702546], [931.0190036443186, 368.784608092381], [820.9969197197825, 890.7645038824895], [951.3416757438861, 260.59675966521934], [445.81913687140406, 917.2755581706168], [480.1120882113502, 766.7979513434882], [636.3863323001561, 236.65590750184796], [103.93810046299478, 924.8035036709317], [911.4762283186235, 200.53235221603148], [579.1039345532714, 406.8026831567886], [29.539788431752868, 784.9492819397213], [989.8479782626098, 798.3412179102412], [882.9099740109393, 190.72087332573452], [780.3316890995745, 997.4373575667037], [433.9624613403154, 249.88417019115073], [599.7996708381489, 950.0934744250092], [376.5051884435361, 999.0700810894649], [289.57166521009134, 449.25595576203426], [638.052209449965, 227.56004551210174], [885.9233068240907, 370.0060493516263], [428.1027435299138, 417.92312451974556], [726.651074475986, 462.69624201292726], [67.76517951241057, 78.07476708435112], [866.6957562172778, 79.60881653562801], [294.8620027038701, 693.2627103611014], [329.5865645180692, 470.77879236034005], [538.2829099948389, 489.88884188967387], [137.13024422074506, 825.7791620010432], [306.42499118565416, 712.4174642659642], [24.309696309181007, 766.4224610903167], [720.5715166357471, 333.56969285232975], [875.9259051345631, 365.94975035410204], [609.0672611146879, 977.9901461845935], [602.9936005992982, 891.9904075222672], [970.7780638357134, 476.74337155349724], [213.21433906413546, 775.1380063633649], [248.99592058720987, 374.07278758510597], [989.4367441848154, 971.2214314755371], [918.0687466660388, 123.77088916918754], [948.448128511272, 582.0865154526205], [825.4125948625007, 212.71681443857514]]",14515970.079999998
Sydney_49,DE,"[[220.89661959361177, 295.14813974513174], [903.109558394225, 693.5048272868975], [13.835536942597798, 191.41696597504352], [292.41793362331975, 847.95930654887], [35.92543503962884, 165.69643104858937], [34.67709997997423, 85.98832032900089], [566.1612409262589, 239.17537543144982], [539.2982513177953, 641.8204767948248], [998.7682748160989, 77.55127480764389], [751.2315879072287, 882.6322444528489], [580.5312104858353, 86.73135789770515], [780.512943580369, 585.8316543597606], [662.8410715612707, 328.7926514923772], [839.8854825724608, 167.49105827701703], [16.965443735106987, 451.9834909628463], [447.0170959457923, 190.72867360960777], [900.2024998391387, 47.814242753551525], [357.37156099058666, 46.32508153204583], [446.61065418054886, 349.88203781325154], [883.1797073084892, 62.337057841011585], [871.1642911596583, 566.4364313022403], [818.6854869070324, 422.10157679253007], [409.83563388955577, 481.5524322105713], [975.6806146591005, 263.8099140611828], [721.2890943779789, 630.5762795535354], [261.76550360652493, 357.27680788764496], [263.98483319082163, 496.4648338144684], [777.0196163166514, 249.54844985541274], [699.2832700713678, 691.8288795200704], [658.1304451454465, 140.25114289856657], [627.940646428768, 498.9724682999668], [123.96277823682004, 28.94668224415136], [706.631512919533, 256.4728734212373], [244.1400436591694, 284.0600607967208], [237.0041407045178, 654.4038461959042], [121.757374652757, 310.20829521161204], [852.9454280417522, 66.82225805625183], [467.21075205034407, 661.2033203518607], [590.8935746161313, 236.2264933125095], [624.0188830361942, 670.6819662802864], [620.4444296558427, 351.70861669380633], [900.9077371203566, 992.7550444011081], [64.25967710547354, 598.4466880342135], [783.3228692004934, 961.5178429415558], [586.5473966347017, 955.3312347513412], [435.3314589527599, 515.6845941761113], [632.8012828135376, 413.99247756682087], [848.9239954221421, 137.76598084665534], [153.76511152135765, 142.67222082897104], [848.1663484593637, 146.60000763981685]]",8130842.640000001
Sydney_49,IDE,"[[45.98042752940444, 526.3795716840762], [663.4312129570309, 585.928624055275], [30.972895126332958, 670.650119219238], [692.1051408988392, 639.2720638592168], [931.831278137307, 293.9542371217665], [892.5477537607314, 349.8285601975306], [269.14699819509684, 601.6406150097037], [19.693105197092393, 677.7810396742453], [730.7708619972577, 717.3163997380963], [754.3076244565958, 275.45150165469704], [894.6751985247096, 545.5279299826551], [578.3197373525978, 198.23689084354237], [573.1779368318687, 997.5701478728004], [257.0538836532994, 850.5541902952987], [893.0995775364679, 620.1153223550115], [622.8979723559781, 132.1949742314572], [661.1940339178732, 189.57816996862823], [676.360185848986, 74.10320844611584], [904.290219194168, 633.7568965943709], [59.08651461465229, 649.2652796867003], [306.32705323099407, 884.4835347223354], [624.1838005384707, 506.62610415245], [724.4316932713609, 626.5008356161508], [825.0698667923888, 889.9454052680652], [640.7508734559534, 974.7855318592044], [472.7570749567789, 292.384317257955], [212.11555876341305, 53.0518332477244], [381.61877887567385, 546.1496486434244], [463.70181381351426, 430.5199306219899], [714.4858748598366, 678.4844309484049], [344.9061623482628, 357.44780105744735], [937.5730771464858, 950.5061913613808], [254.1474563937005, 687.1132673876298], [44.10979501290217, 754.7114016471976], [408.46207510493576, 899.4872253062399], [593.4306096888656, 28.862930078415104], [642.828539940314, 682.0559162538093], [426.7954116453169, 481.2553615584732], [375.8706756334449, 176.8313302771282], [400.689070988838, 482.7658363608648], [745.8630899023501, 653.0501985995223], [316.34279647512403, 738.6530651744799], [743.4121847579272, 489.7110620935303], [114.72141062317343, 650.3687634073258], [504.4124460949873, 420.12234358027234], [841.8802116024009, 487.59081643184544], [81.83034261390549, 767.4092945178886], [618.6266058146973, 206.00892041716037], [928.3771996869568, 5.238126919105184], [260.7082291789442, 761.5664873271064]]",8130842.640000001
Sydney_49,LS-NM,"[[926.1257860942438, 291.8406920253566], [949.3854546920966, 239.27277910223432], [622.1716367393987, 70.44497492436896], [373.76402425717635, 44.38090086457114], [193.29822657937657, 839.6624311592292], [927.8449906291495, 729.3734482833447], [544.2971085646236, 604.8972273920461], [862.9066770736287, 762.7324184523294], [225.7481908245236, 577.1219191051434], [88.66651409021142, 161.41641687231478], [293.4020470631089, 871.7966633393579], [386.9250151174423, 168.53211545771197], [101.50045649685535, 83.19440628840002], [201.61976010338466, 519.5959260100338], [153.80119395627057, 145.4017189401855], [794.9052482601791, 596.3147666632725], [425.54728127541495, 760.1011133880639], [123.92945807023581, 777.2336809179707], [187.18833613183105, 149.47799904170745], [111.52402981710996, 939.9344860525115], [933.1644597592909, 872.6158712558728], [220.63558004078644, 174.7629384049506], [660.8287368363501, 613.4535113389485], [377.7307283427267, 567.8445883336486], [443.4545733342919, 715.6480834980362], [342.8893632724063, 269.7061795400536], [6.349728299509971, 497.43477479819944], [565.4171259168637, 39.338470641566815], [869.3109618624985, 582.9191537174893], [159.97269470342079, 992.3242947359569], [217.0356162001048, 566.422364265968], [607.670308622073, 368.96977561140164], [193.94368764596038, 325.49789382537585], [328.9624827187061, 71.92023027412586], [752.2709724842595, 102.2897851097806], [50.79707985890636, 182.81204029598052], [67.7575361980558, 131.1134603477798], [754.3653050730882, 609.4685893734205], [238.03973946531053, 622.6117328589036], [606.7679496010152, 792.9719017467526], [225.13889701318047, 52.94605959963905], [133.35841213957434, 600.0065873206747], [936.4414531952276, 81.6538574813368], [367.9533965230284, 936.3184658532715], [858.6891075390018, 378.0656089967907], [166.9281921103748, 800.3911132884724], [952.5316582822351, 773.8498941140274], [369.8825474489881, 325.27689405039484], [16.414435836481832, 234.69640116448454], [981.0639292219839, 60.344429251823264]]",8130842.640000001
Sydney_49,DLS(I),"[[184.71768061288373, 79.99268517991499], [539.1436730434561, 44.696647145094694], [632.4060147251691, 718.9060216181551], [854.1728002825472, 500.9376200153378], [437.9707233181492, 230.24482300796944], [139.27604269359762, 992.4686619780894], [129.31241744450804, 183.067477159366], [537.8083049109179, 16.93914182778755], [348.4425934204517, 511.422903976679], [844.9419654971746, 116.5010699249962], [293.60255162957196, 946.3460341857397], [926.5810094539736, 482.28422117709357], [507.4704700450615, 802.7887868039796], [816.1874966380819, 130.25271597305797], [735.1253686857049, 843.4156216186769], [764.4021022663997, 231.84562334445457], [603.9054677438178, 641.1646440456911], [930.9840686908063, 644.1330448959374], [203.9254927531655, 693.3864995406809], [797.0978851093332, 30.20615955525907], [15.04078046190649, 887.3960103028307], [121.77415001845615, 404.1295410535638], [427.04986331946714, 591.3372122888434], [316.9580298601539, 921.6749200507621], [788.040770982978, 2.242436043266127], [364.78965510099505, 60.896456767328914], [867.387235266186, 823.5354252963467], [321.6568014416091, 974.5371696487191], [934.7627968852638, 370.40290760318896], [199.9828000049878, 993.0865290181928], [624.9236905333735, 243.05133082761344], [875.305665765634, 995.6580875013634], [170.44768379441842, 536.377348532889], [125.79031096282223, 83.19839696891617], [891.5237119969486, 949.3296113471921], [989.7014866244733, 660.1959007580588], [31.158440141025423, 644.6015133358893], [614.9600932794042, 145.99744639021804], [945.3978573293433, 450.10939791394543], [923.128818208644, 98.8608989491967], [779.7441363829893, 221.64673714631934], [46.147177070151145, 399.4857060050063], [104.6833218995562, 305.59534472991146], [600.4144075007808, 231.86089693665534], [339.80802818887855, 527.62483567181], [878.8399275296645, 657.1709333713482], [703.653179345718, 378.6025878125147], [40.342341004294234, 640.5924693888908], [530.8399862713432, 340.6366451823407], [879.3641614095857, 973.7232029136794]]",8130842.640000001
Sydney_49,DLS(II),"[[499.85926990734873, 513.8048903362835], [753.2587067968666, 530.628136656012], [612.8152908445198, 397.007494392723], [641.7101267185349, 66.31154932991635], [906.9426090369375, 802.8998415643949], [592.0518585348016, 6.9492878043091455], [411.9109834086108, 830.7398845427323], [594.7262395062951, 384.0493261486748], [709.7709570389753, 834.3747638110628], [950.2073895970159, 726.563242453321], [276.43398904321623, 807.7244019033944], [852.5359691504353, 563.7628080377295], [789.9124796920152, 486.07467052551544], [639.7522131056631, 311.47510713267667], [279.9795198809788, 244.63594781343946], [41.80347219441227, 995.1828217769742], [431.2423498398193, 520.6750389040584], [279.80324333279884, 952.1917615260434], [272.78270019582885, 686.8340180296226], [396.9709425067514, 755.7469270407425], [357.4020207931339, 28.441349871422883], [262.1205732904055, 763.357126594397], [160.1418560827721, 514.3747435710744], [557.1372445998026, 367.67567645091725], [441.1614886273182, 73.74480960956231], [977.0211436206749, 971.6616154812749], [509.20448631375035, 102.99678838890691], [168.9457191430117, 404.2118112289973], [639.3646261133046, 123.17042966813341], [668.050893370675, 442.70793806308905], [386.97369667090464, 949.0163539993265], [517.7018725718005, 178.86284951873344], [788.9706815882014, 36.04174639390656], [728.5523838972831, 807.601521869062], [662.1999752489652, 529.846361568821], [677.8284282616747, 208.0231451525938], [512.314074852394, 871.0501471182068], [634.3970826790271, 818.4225861169257], [848.0604491900743, 749.0364240657054], [970.9567686028072, 975.130872375614], [638.2483187341768, 377.35306094972884], [58.92664535053538, 770.4837525641923], [289.71823820172926, 569.1122387091625], [75.66236303419693, 542.4926803807253], [361.0054738307045, 456.63061347126035], [273.6806769448249, 685.0508795841822], [241.3689656873811, 865.91655868857], [494.90020236015863, 304.95282111257995], [816.5817979854405, 525.2038055451309], [547.6894843762427, 239.1943654642773]]",8130842.640000001
Sydney_100,DE,"[[380.02947356129306, 986.8741418405106], [835.1170821769679, 491.3792881809002], [976.5163220673849, 759.0532580312968], [43.292658442794846, 728.8178225418859], [733.4193243953224, 987.1688177335794], [128.9460558037826, 64.48159601623303], [735.366392199264, 530.1946293398742], [63.06318252346517, 274.5748961237285], [822.6865779434044, 106.20335499487072], [946.3028854616248, 918.4500943764326], [380.4566190177203, 565.4567246135898], [721.5268010655742, 184.27415136785464], [791.6406167649751, 283.973695293707], [375.18777032353916, 55.69308831446307], [795.9735584354, 200.02343274208357], [641.3861942946788, 805.9032035996304], [63.11244522433219, 415.1823305046968], [198.45198898010784, 846.5635425891381], [768.7074013625213, 176.18191835387893], [853.5896906311298, 651.1096153889181], [334.28859878467074, 966.7791623858944], [477.6981075486416, 883.4778042505556], [911.2381467793236, 639.693849661186], [332.404494231512, 776.867517412913], [719.650520150509, 605.5875209677281], [947.4459181656897, 484.08907431387195], [464.24635017503516, 582.3858516524557], [960.6794029170702, 420.7604402880613], [680.5622085496768, 523.1732481165703], [226.52439970100914, 983.3734636436216], [652.7804514984173, 346.2778158075289], [564.8039158996362, 328.1253048118745], [564.4677774238321, 124.51111275454343], [506.77680123376, 492.8954252479226], [799.4663359355025, 657.4643771765741], [487.69407556392093, 832.5582109030136], [874.1726179020739, 860.1845609311954], [777.6256583880784, 747.9719140749505], [550.9371522707446, 899.8127601882017], [574.9588948536119, 485.84611378515825], [48.87465143284135, 436.8397536920574], [698.4650828392082, 237.94179295358254], [368.74684527365235, 797.1682654960036], [161.38975449166384, 221.45102638055113], [919.2803044225257, 546.4344422845793], [417.3979076074845, 491.8078132257382], [189.77343303085985, 236.69162295667644], [497.27874083334825, 655.727869419578], [890.8249141245615, 309.7358791494403], [600.0722565072963, 744.4703195892919], [417.718817022885, 115.86716690181873], [606.2313333980917, 807.1204055737401], [947.1692366360314, 769.9143203045908], [168.97438139370013, 92.46703221959132], [359.00478384833514, 105.48801564025712], [977.8164602852003, 685.8980216201305], [159.92147797198874, 791.4405515197926], [66.45076526916893, 679.6339086974391], [960.8776241123477, 600.8357535987785], [977.1671405392974, 759.4189491597963], [363.25626806410935, 25.289141228574408], [504.1601605261183, 266.98623335442795], [771.1752493683191, 411.5938765330221], [237.9553268183774, 102.65731309613625], [146.2047776769041, 346.08846099952154], [426.2043949247444, 494.48210710138284], [666.5206547242361, 762.2251751216081], [761.6189401659368, 605.4640885812591], [565.7307954435014, 552.7329211794796], [99.54054228536569, 276.19440363267677], [716.3522274668039, 843.0743132359067], [909.6025659006928, 274.70220492520116], [924.2755272774377, 588.0064532080136], [988.0475380108476, 462.6030157086593], [426.6914850297153, 79.19719613685214], [186.10218074996067, 634.3911162975504], [947.80172900361, 428.0286315742981], [861.2043693559813, 998.7714206044025], [382.08415591949773, 266.4286167156682], [564.1567548775988, 370.2893163339333], [230.11303823745942, 547.2124593220391], [465.32356328389676, 607.8837803304731], [750.4459936987748, 293.4980843533289], [755.078304715802, 831.0368122396062], [384.06836724743323, 275.1312457384397], [162.06790742205266, 350.6161415368495], [57.471156149126216, 721.0692311908373], [933.3578881827568, 348.46951135944937], [533.6439588131151, 514.409950402062], [12.846849819907163, 627.687438762488], [58.84338341470061, 430.48911165541335], [497.19357038095967, 195.35413489126893], [737.1957777244796, 126.23566804587915], [732.1125199843434, 316.46942065834935], [201.7564816089469, 56.428650413144055], [526.1135027079135, 482.9100167978674], [742.9691218379421, 920.2042104341206], [625.1508739641016, 941.2897400766795], [955.5225487451029, 192.64169784368744], [40.34273564669314, 763.9991797504256], [834.375390466276, 79.3138360530138]]",14494982.82
Sydney_100,IDE,"[[894.756976964584, 682.9814890953461], [851.1859780540592, 622.2007097928413], [671.8652865120384, 3.743775565886665], [459.2395621733411, 447.40744153880564], [33.030540919956366, 746.4076406296251], [255.96816978818936, 241.50193668519978], [967.4437404435178, 745.9541810318783], [780.2641086967717, 326.9790202970715], [323.86133409550484, 413.99671242479826], [120.95496976872846, 754.4344991364494], [258.90812606170056, 770.7142461441672], [226.8046440715483, 429.10264943917707], [955.919734806207, 553.1674659926368], [17.486979194294292, 135.87333014611238], [323.4748852752152, 979.1803873595788], [53.98081791614493, 550.7299381717949], [554.7225373281644, 265.86167596544055], [562.4742040779969, 697.1915654415232], [289.3444968005233, 49.106552427014094], [788.5420677579733, 757.9414399877879], [330.35207940953444, 36.10350733412935], [768.184396993154, 560.0966806423522], [432.7196022983042, 830.6367903673379], [164.20784101611707, 350.3345000970568], [390.7273730116285, 796.370345251209], [102.8883404893121, 799.2473042485057], [832.522657561377, 295.80375492559733], [824.7475624711517, 650.7798236732505], [255.76161288446835, 462.1200007624163], [700.785469813599, 885.0006604346536], [254.8187639298613, 237.59390046890763], [400.1663619415729, 338.86031183142677], [631.9117911389826, 441.8511368386643], [48.8792907612289, 979.8021033688827], [764.5108676319273, 746.0412575799146], [373.5827679582885, 518.4005659131881], [318.011691740463, 830.180436712971], [189.8768509837314, 66.3197046709144], [581.2397582140106, 11.681405541391143], [952.218092124489, 466.61848365673166], [77.79814882165016, 775.9547408447189], [913.9843659347837, 323.65318285690455], [888.7729992523603, 212.82831035556092], [205.90167625159705, 204.4694283361829], [512.0579472661233, 821.0330022408605], [118.35624943771097, 855.0028499010721], [424.4815072576601, 430.3936035292225], [313.05412716799873, 771.5721436139652], [211.87097601308767, 999.7675439105602], [184.34513009214368, 636.0012905804298], [534.6781589327692, 354.4164591156397], [178.67410335827662, 238.04295290365343], [180.3067723291054, 355.9681689272204], [382.97333218765664, 983.8125571493326], [532.455822486656, 118.98590572935632], [416.3444590982258, 468.26885801471406], [837.9423704418386, 547.9372116594294], [222.47175123514933, 612.0446984686046], [707.6533722522406, 307.5392883961538], [701.3016308434046, 879.8987921379726], [708.404657493784, 389.2872712010089], [139.96846455283628, 165.8555799552688], [620.1596915375138, 918.2425404769529], [730.905199886761, 25.568024448906044], [369.55408671611997, 651.5221473182057], [644.9088473726101, 168.25329903645223], [689.2150722689736, 910.1440979547001], [974.0008515221907, 194.29548407741606], [280.50707756789336, 718.5194569032959], [722.6141260322607, 912.0227737548389], [934.2806937894927, 702.3591377985151], [479.79940382597556, 21.917686448858717], [541.5218118824488, 949.2593178958834], [739.2518730230871, 796.9630411094322], [229.84589870252438, 246.43507303621814], [781.4408332194041, 680.1066340660543], [616.6784362112544, 881.5879584731289], [42.84808937129202, 691.5658629665154], [866.5308236825008, 945.4248310604526], [538.3498155805664, 50.46420475333292], [19.02174825777871, 273.50396004874733], [358.8089727948478, 477.5924667568774], [480.6576370831061, 69.49017353964268], [501.30687895107116, 580.1689532490817], [245.73596658984908, 12.750080366935094], [603.4993649605349, 45.683911062750155], [386.9016545239602, 575.8702901806903], [17.924745603653776, 855.8260312668217], [142.37009589970654, 22.68843431971959], [177.9003916408335, 145.97440733418586], [79.92898811240599, 193.69505753114493], [152.42763858903885, 230.44522415807336], [685.2805297021915, 406.3017241686099], [8.118022056745815, 860.0139337246127], [217.60705716344097, 232.42451432666758], [82.4362277202456, 432.6063737960798], [400.34810505464526, 53.20924188765366], [559.525076018583, 27.73072441176805], [865.7289078558534, 159.5163559444249], [342.8710728305102, 430.89111907099084], [860.1484178848862, 379.0328985953526]]",14494982.82
Sydney_100,LS-NM,"[[748.8047384585641, 533.1462418841903], [673.5885690046822, 142.69543055131962], [11.06743535730359, 155.45709559950916], [6.0186740476786404, 124.87196956709579], [479.51691706388675, 42.99608423231116], [469.0902278795647, 721.1473070743879], [39.51590460719856, 510.2077655127619], [36.80659320662605, 612.5291820333186], [250.61950217423646, 656.1171231222268], [30.423120284784776, 980.8343525445273], [703.938116397251, 802.0776353627622], [382.9926804229731, 155.99600309415595], [380.5669759781466, 957.2098953347231], [685.138538103125, 638.6917517396446], [968.8581121468997, 604.9347741544934], [464.78168971963674, 583.9065431037934], [70.88794738164184, 757.6632752150836], [845.7981230958387, 586.9874514923627], [72.61610621022552, 955.9057182741108], [528.5758853667702, 900.0337066640419], [972.0450762689717, 959.307572021708], [798.5568163651279, 338.5715637612501], [823.0765811787971, 966.1523138268586], [230.89879138363744, 462.0590228891642], [283.1315832882206, 608.7759612143013], [862.2985346257547, 288.3545870684082], [17.063396817925792, 158.62616795335694], [564.0351259701342, 378.4830135132309], [762.3538650747108, 394.48940479467666], [597.6876564499788, 957.4110121511185], [478.2563638671522, 719.8070380149272], [475.26942108784044, 182.22427336015724], [539.3215683919451, 834.6543926756409], [573.2039351344972, 546.0026754641091], [174.68133392329034, 195.66897581448572], [536.6667548445591, 251.44862774957343], [416.56071407177444, 676.7062157037426], [256.65052811987965, 541.1518029774453], [345.2614487904186, 631.9375342437133], [629.353782255698, 982.6829559948114], [842.3671870687351, 728.7862689862299], [759.9914944316721, 987.6893782302805], [157.8370453926542, 763.0298638136882], [95.4049205791978, 442.76065940712186], [34.087696398470314, 366.4337771992878], [388.36226483157543, 10.925291911464186], [94.1631216317883, 691.0957624482669], [823.7240990549125, 19.892138229032795], [281.06911040858927, 890.8051256321182], [260.198439916143, 767.7258484529266], [256.57768893479516, 951.8357798311213], [233.68552414908538, 879.4018389040649], [965.2568831181741, 138.0445692677177], [650.4109315922115, 673.2168445128261], [629.203954583067, 500.7947529264245], [402.0108264918599, 260.9940754124417], [728.2334757506075, 282.8249565077303], [377.6938022215018, 48.80354359881045], [437.31686715444084, 290.6023324899808], [264.13419765582205, 322.969414263964], [434.25663427751226, 382.42275481346775], [963.8072863332592, 910.1153725701407], [108.22547942004601, 870.3546342279079], [848.564817817692, 854.4034699679958], [724.9386506910627, 291.27790231979543], [827.9237286439695, 602.0318515816467], [190.90671085077238, 559.39141806565], [121.18671335615849, 664.29322926041], [331.4216968087611, 649.213915127894], [768.7145406147147, 351.6880362674445], [345.6811752111414, 714.8950473090766], [79.23470710880154, 28.12384873263618], [664.9760755382965, 429.36647955320285], [337.81637978285505, 620.2545200531004], [534.2081622631888, 260.18146369695194], [19.447644607181847, 6.479848695487678], [723.1745766863894, 784.2530472790396], [622.0121606543202, 704.9723177885478], [217.76452910266818, 991.0620349219496], [592.2325821093159, 809.3586000041627], [885.1172306582139, 490.1845644325521], [594.4144116339187, 831.937039825312], [499.3855910772854, 993.4219512582855], [249.1030799541515, 233.13036715018575], [154.59344752170202, 698.3365678280699], [827.1110540069388, 286.71866654341994], [68.33859832217159, 331.7304920206191], [212.32846527791227, 224.23774918373962], [593.7762293302146, 524.6464077778962], [305.9035159039992, 211.68861270854734], [325.0730366568617, 556.2976968733061], [718.5046250685521, 383.03730289077953], [747.2667329824762, 555.3503945819759], [21.374294486764313, 539.6025039410358], [742.5730957586011, 21.055138099690176], [349.61441032537743, 289.431852372181], [580.361933132149, 51.513196204338364], [73.8209520977725, 147.48588681644404], [567.4676534686661, 847.678955749982], [805.014169531223, 789.1151350937886], [194.58375665270444, 579.1393019727997]]",14494982.82
Sydney_100,DLS(I),"[[928.046373616148, 583.1230333237654], [136.91673296094552, 701.0939370419202], [706.6033777993225, 457.27978721494355], [933.9059030008164, 783.0042545409342], [60.81307591722185, 288.9465362230559], [807.9490512739775, 146.03101295847952], [47.27990617911881, 579.1205965104652], [608.3716238266734, 260.9765913658952], [581.4488192545958, 468.1033034240961], [983.3202146976955, 578.8558471505713], [71.3915869384536, 990.4069590795078], [750.2965007639318, 822.242527197108], [408.7639850043049, 140.90164656312865], [960.362958246787, 301.8117396331054], [18.207809140189823, 655.3930430005754], [457.02202277815775, 13.741342777589537], [18.478639380461793, 177.3475916833589], [912.4273722824311, 165.98130222128415], [165.44170749883568, 526.0391946608449], [774.0721932253036, 834.3243683342808], [717.5696431245864, 689.8234162566213], [408.2284213718571, 455.87082811471555], [180.68439940848057, 37.67065262303293], [890.6742762600348, 792.8736822956221], [170.50643976246093, 234.177359115743], [759.5822215919409, 145.25717906062152], [705.2472113444322, 457.7764695739399], [734.8559213427052, 570.1090064469744], [963.1430496454315, 145.0435687363396], [162.8383716572468, 354.4336963769633], [685.0101647718654, 280.26409415096623], [51.04820083670403, 425.60595902416895], [429.3336189736392, 515.43867612679], [13.66398652935985, 136.72458129630104], [717.0672836745758, 976.150905700711], [961.1356684312173, 898.0378237955558], [152.7407836057324, 619.0847478397889], [721.6703807659974, 740.6763859147424], [907.5972474765942, 526.5058518496567], [638.83209529631, 591.4562930274515], [271.53041475531916, 941.2891829660057], [683.824672906768, 380.50810025975755], [273.0267165967024, 551.8949690269066], [869.723570281473, 729.7833046829617], [129.96540900011277, 889.3297782309121], [672.7105189605601, 471.8761741941129], [561.7990060229835, 343.974282196423], [465.4293198167325, 938.578247796649], [84.7612307194422, 697.7120011392635], [739.144045252665, 33.01695538076332], [235.7583547785511, 51.40285780166431], [508.7676752006877, 870.0297779312432], [120.99511838965593, 23.871731052000467], [90.20876430993474, 325.7977818944373], [134.5242615432609, 566.7995255906826], [947.6334288154759, 343.2561433299548], [365.55468037827023, 537.5396172956715], [923.65138420673, 445.7476745079544], [151.49283155296067, 878.3642430993464], [910.6985454476064, 584.9949343247173], [409.30868041182623, 682.7131506707302], [348.2291118086085, 694.5577607077273], [562.926174439612, 118.14338261527435], [806.5915957399471, 577.0809971233894], [459.69972045518216, 731.5167937180511], [479.72808754878804, 949.7990856774567], [674.832376355877, 790.2492441441104], [624.7673682873162, 497.55180887825566], [720.6139904820266, 153.72910058385102], [302.16317965984905, 214.28286400793405], [557.1906907007727, 312.17280883543987], [569.5965295220708, 641.8721758105837], [798.7350050095974, 753.9281955089034], [197.46858527914424, 118.24343147947603], [689.4698761589885, 294.16470731079215], [387.2820855517896, 436.122489520954], [295.88347707038685, 659.3469360574753], [328.4974248867021, 401.38257472593074], [980.5457839492555, 891.5608729816508], [754.5416692996808, 319.2810007317899], [408.26968414882356, 835.7110469226934], [325.92286006851504, 369.6808184299747], [513.1989603705666, 600.7253310461292], [466.29501803405816, 32.25279361205813], [578.6697844193815, 770.1810265148239], [566.1996170912477, 442.2536324597358], [897.3676131477976, 486.437549060556], [127.23825475412964, 553.4271298937765], [55.05737027110192, 451.85964695753535], [453.3283639808925, 699.4834899507165], [442.33654409486553, 559.9380881908456], [598.3137040635606, 955.3816922336579], [789.881035271666, 767.0698677906236], [647.4488041942418, 925.2574149569597], [799.4376191331397, 437.1502143676905], [81.72145564162602, 190.49889146296505], [942.5207257382519, 447.79853134104417], [904.166902078665, 631.3190370519587], [33.527750913891374, 435.74689174317126], [50.98404880552687, 580.0737859604686], [393.54487587986284, 70.37761781332242]]",14494982.82
Sydney_100,DLS(II),"[[949.6591432207463, 26.82389597599688], [56.92386177146646, 423.9479792875561], [84.82034427563167, 37.91448316993895], [843.9384392840523, 728.0653229408125], [959.1384326881882, 531.2197120268901], [714.9165978046882, 596.2545366201748], [97.11789405016746, 415.34096611195224], [116.45180857454685, 626.1074021906275], [31.746340677020978, 419.1620760535433], [649.0186603014033, 542.9800433994943], [940.298631962792, 846.0919014945887], [348.5098037541213, 988.437848601816], [257.23221805939266, 461.59407709965205], [138.48397452887272, 801.0635915699553], [765.999511776171, 349.8734778009133], [299.8925989711829, 852.2833741562183], [566.5560381698959, 136.8012437500391], [303.9355294606022, 395.8761365435738], [54.178434211481274, 901.9089355135819], [270.4101598122187, 491.73034733266564], [707.3512375299298, 367.1179073709169], [435.5661103462791, 566.1334358535714], [243.00273802998052, 129.49095891290307], [489.28255992999505, 390.4062646393995], [959.9640028527929, 579.1459972540262], [615.15846671522, 477.7904118565712], [951.422390746241, 709.6652287912743], [855.0051374991347, 565.5729451391121], [171.18323594866536, 53.37928833686567], [758.2133973873156, 417.86908440454516], [963.0228173936796, 868.788572602989], [910.8629857804945, 123.65086137127467], [204.96443951894327, 357.87878750305936], [994.8633427784714, 448.8325129879852], [635.4929683732978, 346.8002759337896], [112.39336738064564, 12.708969746059285], [855.3407756662847, 634.6701133841588], [123.72334082459402, 833.8508390181833], [962.0565730982364, 887.6740639535909], [268.09190786921977, 11.844310763499344], [450.8799800947769, 930.9819707986535], [87.3663253287108, 677.2607945804392], [221.60763412613105, 729.5569856455247], [97.3132747532507, 53.87920729387441], [460.6297499994041, 919.6579041714577], [63.6748458086207, 774.8799893762674], [48.28677617830679, 764.9139565493186], [122.95642003794372, 89.98148989284493], [125.33534930282664, 466.45601285539897], [43.29809964910747, 81.34308108333555], [68.80527831454353, 711.6450980209963], [684.7068345172854, 403.8752361075362], [330.8908950513861, 526.9263021802398], [659.8821696333088, 318.39601798155513], [166.24452590320325, 231.70992200947117], [524.5921112892584, 436.6817025776], [968.2792918449479, 483.827187885569], [944.2798057768722, 74.81202165383394], [155.01449457815963, 802.0589618160151], [625.511327388136, 941.3469868110259], [630.0809854310824, 897.3073632749191], [51.94543456311873, 176.97293147463665], [716.6450423940987, 607.503508620012], [370.2131187657412, 356.4765832196923], [996.4227679624988, 104.60796234648339], [606.2523148079797, 372.0897800530277], [427.03335151125685, 480.40527861593506], [343.54887198998165, 303.37263197466325], [573.8046739290583, 463.0786250970137], [419.31569728499585, 177.58926751118932], [76.73576844684659, 940.406897898708], [714.8024636111721, 666.4994706915439], [760.3760638970667, 324.9395578740995], [728.8828644637863, 469.1182709982641], [405.4645120990068, 990.6763112973456], [517.9650666238665, 996.3616993656419], [775.5951143563863, 587.2092985829842], [335.699615245359, 332.7777089801577], [973.0621102862211, 331.35227893219366], [984.610883960347, 299.57339035395125], [940.7618991952897, 292.33033675506647], [749.2261509569313, 909.4193598390682], [457.41126811574094, 40.37454118262662], [700.7675973115646, 321.6685067619329], [703.8921342396162, 147.05510114210028], [117.87586499344616, 891.9629545681975], [419.3127873746695, 903.289898465583], [196.83656119113857, 529.12443828972], [414.3070415300636, 57.24485422547598], [498.98452834909114, 43.674457066413595], [378.8349813901115, 989.0758827271659], [491.19871796980806, 506.61581281986713], [215.31818321926366, 545.888833601513], [379.9218184271519, 45.85654475749945], [2.0649047059508874, 888.4575509486866], [785.3168326656828, 592.7293520397606], [362.88372530606307, 996.9371241874578], [916.5476249506121, 47.72105146275207], [315.02306173176675, 61.45503351098358], [734.3982186742331, 824.354695842471], [37.385163932463385, 802.2907544163057]]",14494982.82
